id_unico,titulo,precio,medidas,tecnica,descripcion,serie,disponibilidad,soporte,tags,seccion
3,Manipulado,"$40,000",100x150cm,pintura al oleo,"""Manipulado"" es una pintura que representa un sentimiento interior, forma parte de la colecciÃ³n ""sensaciones ocultas"" en la que he estado trabajando en 2025-2026.

Durante la segunda mitad del 2025, mi creaciÃ³n artÃ­stica se ha enfocado en el trabajo de sombras. Este enfoque busca explorar lo que usualmente permanece oculto: emociones reprimidas, traumas, miedos y aspectos fragmentados del ser. No se trata de belleza superficial, sino de profundidad, de descender hacia lo invisible y darle forma.

Cada obra es parte de un proceso de confrontaciÃ³n: imÃ¡genes que emergen desde lo no dicho, lo negado o lo olvidado. AsÃ­ el arte se convierte en un espacio para que lo oscuro tome cuerpo y pueda ser observado sin filtros.

NOTA: Incluye la obra original que se muestra en las fotos, certificado de autenticidad y firma del autor, no incluye marco (se envÃ­a enrollada). Debido al tipo de monitor o pantalla los colores pueden ser ligeramente diferentes.",Sensaciones ocultas,EN VENTA,Lienzo,"aerosol, ojo, liso",galeria
6,VacÃ­o,"$40,000",100x120cm,pintura al oleo,"""VacÃ­o"" es una pintura que representa un sentimiento interior, forma parte de la colecciÃ³n ""sensaciones ocultas"" en la que he estado trabajando en 2025.

Durante la segunda mitad del 2025, mi creaciÃ³n artÃ­stica se ha enfocado en el trabajo de sombras. Este enfoque busca explorar lo que usualmente permanece oculto: emociones reprimidas, traumas, miedos y aspectos fragmentados del ser. No se trata de belleza superficial, sino de profundidad, de descender hacia lo invisible y darle forma.

Cada obra es parte de un proceso de confrontaciÃ³n: imÃ¡genes que emergen desde lo no dicho, lo negado o lo olvidado. AsÃ­ el arte se convierte en un espacio para que lo oscuro tome cuerpo y pueda ser observado sin filtros.

NOTA: Incluye la obra original que se muestra en las fotos, certificado de autenticidad y firma del autor, no incluye marco (se envÃ­a enrollada). Debido al tipo de monitor o pantalla los colores pueden ser ligeramente diferentes.",Sensaciones ocultas,EN VENTA,lienzo,,galeria
7,Violento,"$40,000",150x100cm,pintura al oleo,"""Violento"" es una pintura que representa un sentimiento interior, forma parte de la colecciÃ³n ""sensaciones ocultas"" en la que he estado trabajando en 2025.

Durante la segunda mitad del 2025, mi creaciÃ³n artÃ­stica se ha enfocado en el trabajo de sombras. Este enfoque busca explorar lo que usualmente permanece oculto: emociones reprimidas, traumas, miedos y aspectos fragmentados del ser. No se trata de belleza superficial, sino de profundidad, de descender hacia lo invisible y darle forma.

Cada obra es parte de un proceso de confrontaciÃ³n: imÃ¡genes que emergen desde lo no dicho, lo negado o lo olvidado. AsÃ­ el arte se convierte en un espacio para que lo oscuro tome cuerpo y pueda ser observado sin filtros.

NOTA: Incluye la obra original que se muestra en las fotos, certificado de autenticidad y firma del autor, no incluye marco (se envÃ­a enrollado). Debido al tipo de monitor o pantalla los colores pueden ser ligeramente diferentes.",Sensaciones ocultas,EN VENTA,lienzo,,galeria
8,Vanidades Ficticias,"$40,000",100x150cm,pintura al oleo,"â€œVanidades Ficticiasâ€ es una pintura al Ã³leo de gran formato que marca el cierre simbÃ³lico de mi colecciÃ³n â€œFobiasâ€, un proceso artÃ­stico que he desarrollado durante aÃ±os para explorar los rincones mÃ¡s ocultos del miedo humano. Esta obra representa la obsesiÃ³n con las apariencias, la fragilidad de lo que creemos valioso y el temor a no ser percibidos.

En este cuadro, los sÃ­mbolos se deforman para retratar una belleza artificial y distorsionada, como si los objetos mÃ¡s deseados se desmoronaran bajo su propio peso. El rostro que oculta, los cuerpos que imitan, la identidad que se diluye: cada trazo y textura estÃ¡n cargados de una inquietud silenciosa.

NOTA: Incluye la obra original que se muestra en las fotos, certificado de autenticidad y firma del autor, no incluye marco. Debido al tipo de monitor o pantalla los colores pueden ser ligeramente diferentes.",Fobias,EN VENTA,Lienzo,,galeria
11,Anhelo de sosiego,"$25,000",60x80cm,pintura al oleo,"En su obra, el artista busca plasmar el anhelo de hallar instantes de serenidad y calma, contrarrestando el estrÃ©s y la ansiedad que conlleva la rutina cotidiana. CentrÃ¡ndose en el Trastorno de Ansiedad Generalizada (TAG), la figura humana emerge como el epicentro de un entorno caÃ³tico, donde las siluetas circundantes se convierten en sÃ­mbolos de inquietudes y pensamientos ansiosos. Obra 100% original del artista.",Fobias,EN VENTA,Lienzo,,galeria
14,Fobia,"$25,000",60x80cm,pintura al oleo,"Esta pieza forma parte de una colecciÃ³n de 10 pinturas al Ã³leo en las que se pretenden representar diferentes fobias. Obra 100% original del artista. Pintura al Ã³leo sobre MDF de 6mm, no incluye marco.",Fobias,EN VENTA,MDF,,galeria
15,Fobia 04,"$25,000",60x80cm,pintura al oleo,"Esta pieza forma parte de una colecciÃ³n de 10 pinturas al Ã³leo en las que se pretenden representar diferentes fobias. Obra 100% original del artista. Pintura al Ã³leo sobre MDF de 6mm, no incluye marco.",Fobias,EN VENTA,Lienzo,,galeria
44,Arquitectura,"$25,000",60x80cm,pintura al oleo,"Retratando obras en situaciones fantasiosas y surrealistas. â€œBuscando la libertad constructiva en mis ideas, con amor hacia la arquitectura y al arte, pasÃ© de la representaciÃ³n digital al pincel y pintura al Ã³leo.â€ Realizada en agosto del 2021, es una obra 100% original del artista. Pintura al Ã³leo sobre mdf de 6mm, (sin marco).",ARQUITECTURA,EN VENTA,MDF,,galeria
16,Destellos del mÃ¡s allÃ¡ I,"$3,000",28cm x 19cm x 0.2cm,acuarela,"Esta obra pertenece a la serie Destellos del mÃ¡s allÃ¡, un conjunto de acuarelas de formato Ã­ntimo donde una figura esquelÃ©tica aparece como un emblema de luz y fragilidad. Los huesos iluminados y las ornamentaciones que emergen de su estructura expresan una tensiÃ³n entre lo corpÃ³reo y lo eterno, entre la presencia fÃ­sica y los ecos de algo que se percibe â€œmÃ¡s allÃ¡â€. La serie propone una contemplaciÃ³n cercana, donde cada elemento funciona como fragmento de un todo que se despliega solo al mirar con atenciÃ³n.

Acuarela sobre papel Fabriano (no incluye marco).

Disponible como serie completa precio preferencial al adquirir las cuatro obras.",DESTELLOS DEL MÁS ALLÁ ,EN VENTA,papel,,galeria
19,Destellos del mÃ¡s allÃ¡ II,"$3,000",28cm x 19cm x 0.2cm,acuarela,"Esta obra pertenece a la serie Destellos del mÃ¡s allÃ¡, un conjunto de acuarelas de formato Ã­ntimo donde una figura esquelÃ©tica aparece como un emblema de luz y fragilidad. Los huesos iluminados y las ornamentaciones que emergen de su estructura expresan una tensiÃ³n entre lo corpÃ³reo y lo eterno, entre la presencia fÃ­sica y los ecos de algo que se percibe â€œmÃ¡s allÃ¡â€. La serie propone una contemplaciÃ³n cercana, donde cada elemento funciona como fragmento de un todo que se despliega solo al mirar con atenciÃ³n.

Acuarela sobre papel Fabriano (no incluye marco).

Disponible como serie completa precio preferencial al adquirir las cuatro obras.",DESTELLOS DEL MÁS ALLÁ ,EN VENTA,papel,,galeria
20,Destellos del mÃ¡s allÃ¡ IV,"$3,000",28cm x 19cm x 0.2cm,acuarela,"Esta obra pertenece a la serie Destellos del mÃ¡s allÃ¡, un conjunto de acuarelas de formato Ã­ntimo donde una figura esquelÃ©tica aparece como un emblema de luz y fragilidad. Los huesos iluminados y las ornamentaciones que emergen de su estructura expresan una tensiÃ³n entre lo corpÃ³reo y lo eterno, entre la presencia fÃ­sica y los ecos de algo que se percibe â€œmÃ¡s allÃ¡â€. La serie propone una contemplaciÃ³n cercana, donde cada elemento funciona como fragmento de un todo que se despliega solo al mirar con atenciÃ³n.

Acuarela sobre papel Fabriano (no incluye marco).

Disponible como serie completa precio preferencial al adquirir las cuatro obras.",DESTELLOS DEL MÁS ALLÁ ,EN VENTA,papel,,galeria
21,Destellos del mÃ¡s allÃ¡ III,"$3,000",28cm x 19cm x 0.2cm,acuarela,"Esta obra pertenece a la serie Destellos del mÃ¡s allÃ¡, un conjunto de acuarelas de formato Ã­ntimo donde una figura esquelÃ©tica aparece como un emblema de luz y fragilidad. Los huesos iluminados y las ornamentaciones que emergen de su estructura expresan una tensiÃ³n entre lo corpÃ³reo y lo eterno, entre la presencia fÃ­sica y los ecos de algo que se percibe â€œmÃ¡s allÃ¡â€. La serie propone una contemplaciÃ³n cercana, donde cada elemento funciona como fragmento de un todo que se despliega solo al mirar con atenciÃ³n.

Acuarela sobre papel Fabriano (no incluye marco).

Disponible como serie completa precio preferencial al adquirir las cuatro obras.",DESTELLOS DEL MÁS ALLÁ ,EN VENTA,papel,,galeria
22,Blackcherry I,"$15,000",40 x 60 x 1.5 cm,pintura al oleo,"Blackcherry es una serie pictÃ³rica inspirada en ocho aves distintas, reinterpretadas desde una estÃ©tica oscura y simbÃ³lica. La obra toma como punto de partida una fragancia de cereza, trasladando esa referencia sensorial al lenguaje visual mediante una paleta dominada por rojos profundos, rosas velados y tonos sombrÃ­os que oscilan entre lo orgÃ¡nico y lo emocional.

MÃ¡s allÃ¡ de la representaciÃ³n del ave, cada pintura funciona como un retrato psicolÃ³gico: cuerpos suspendidos entre lo bello y lo inquietante, donde la suavidad del color contrasta con una atmÃ³sfera densa. Las figuras aparecen contenidas dentro de un espacio ambiguo, evocando estados de fragilidad, aislamiento y transformaciÃ³n.

La serie explora la tensiÃ³n entre delicadeza y oscuridad, utilizando el simbolismo animal como vehÃ­culo para hablar de vulnerabilidad, memoria y presencia. Blackcherry se sitÃºa, asÃ­ como un conjunto de piezas Ã­ntimas, donde la belleza no se presenta como algo limpio, sino como una condiciÃ³n atravesada por sombra.

Nota: Esta obra pertenece a la serie Blackcherry (8 piezas). La colecciÃ³n completa estÃ¡ disponible para adquisiciÃ³n como conjunto, priorizando la integridad conceptual del proyecto. (No incluyen marco decorativo).",BLACKCHERRY,EN VENTA,Lienzo,,galeria
25,Blackcherry II,"$15,000",40 x 60 x 1.5 cm,pintura al oleo,"Blackcherry es una serie pictÃ³rica inspirada en ocho aves distintas, reinterpretadas desde una estÃ©tica oscura y simbÃ³lica. La obra toma como punto de partida una fragancia de cereza, trasladando esa referencia sensorial al lenguaje visual mediante una paleta dominada por rojos profundos, rosas velados y tonos sombrÃ­os que oscilan entre lo orgÃ¡nico y lo emocional.

MÃ¡s allÃ¡ de la representaciÃ³n del ave, cada pintura funciona como un retrato psicolÃ³gico: cuerpos suspendidos entre lo bello y lo inquietante, donde la suavidad del color contrasta con una atmÃ³sfera densa. Las figuras aparecen contenidas dentro de un espacio ambiguo, evocando estados de fragilidad, aislamiento y transformaciÃ³n.

La serie explora la tensiÃ³n entre delicadeza y oscuridad, utilizando el simbolismo animal como vehÃ­culo para hablar de vulnerabilidad, memoria y presencia. Blackcherry se sitÃºa, asÃ­ como un conjunto de piezas Ã­ntimas, donde la belleza no se presenta como algo limpio, sino como una condiciÃ³n atravesada por sombra.

Nota: Esta obra pertenece a la serie Blackcherry (8 piezas). La colecciÃ³n completa estÃ¡ disponible para adquisiciÃ³n como conjunto, priorizando la integridad conceptual del proyecto. (No incluyen marco decorativo).",BLACKCHERRY,EN VENTA,Lienzo,,galeria
26,Blackcherry III,"$15,000",40 x 60 x 1.5 cm,pintura al oleo,"Blackcherry es una serie pictÃ³rica inspirada en ocho aves distintas, reinterpretadas desde una estÃ©tica oscura y simbÃ³lica. La obra toma como punto de partida una fragancia de cereza, trasladando esa referencia sensorial al lenguaje visual mediante una paleta dominada por rojos profundos, rosas velados y tonos sombrÃ­os que oscilan entre lo orgÃ¡nico y lo emocional.

MÃ¡s allÃ¡ de la representaciÃ³n del ave, cada pintura funciona como un retrato psicolÃ³gico: cuerpos suspendidos entre lo bello y lo inquietante, donde la suavidad del color contrasta con una atmÃ³sfera densa. Las figuras aparecen contenidas dentro de un espacio ambiguo, evocando estados de fragilidad, aislamiento y transformaciÃ³n.

La serie explora la tensiÃ³n entre delicadeza y oscuridad, utilizando el simbolismo animal como vehÃ­culo para hablar de vulnerabilidad, memoria y presencia. Blackcherry se sitÃºa, asÃ­ como un conjunto de piezas Ã­ntimas, donde la belleza no se presenta como algo limpio, sino como una condiciÃ³n atravesada por sombra.

Nota: Esta obra pertenece a la serie Blackcherry (8 piezas). La colecciÃ³n completa estÃ¡ disponible para adquisiciÃ³n como conjunto, priorizando la integridad conceptual del proyecto. (No incluyen marco decorativo).",BLACKCHERRY,EN VENTA,Lienzo,,galeria
27,Blackcherry IV,"$15,000",40 x 60 x 1.5 cm,pintura al oleo,"Blackcherry es una serie pictÃ³rica inspirada en ocho aves distintas, reinterpretadas desde una estÃ©tica oscura y simbÃ³lica. La obra toma como punto de partida una fragancia de cereza, trasladando esa referencia sensorial al lenguaje visual mediante una paleta dominada por rojos profundos, rosas velados y tonos sombrÃ­os que oscilan entre lo orgÃ¡nico y lo emocional.

MÃ¡s allÃ¡ de la representaciÃ³n del ave, cada pintura funciona como un retrato psicolÃ³gico: cuerpos suspendidos entre lo bello y lo inquietante, donde la suavidad del color contrasta con una atmÃ³sfera densa. Las figuras aparecen contenidas dentro de un espacio ambiguo, evocando estados de fragilidad, aislamiento y transformaciÃ³n.

La serie explora la tensiÃ³n entre delicadeza y oscuridad, utilizando el simbolismo animal como vehÃ­culo para hablar de vulnerabilidad, memoria y presencia. Blackcherry se sitÃºa, asÃ­ como un conjunto de piezas Ã­ntimas, donde la belleza no se presenta como algo limpio, sino como una condiciÃ³n atravesada por sombra.

Nota: Esta obra pertenece a la serie Blackcherry (8 piezas). La colecciÃ³n completa estÃ¡ disponible para adquisiciÃ³n como conjunto, priorizando la integridad conceptual del proyecto. (No incluyen marco decorativo).",BLACKCHERRY,EN VENTA,Lienzo,,galeria
28,Blackcherry V,"$15,000",40 x 60 x 1.5 cm,pintura al oleo,"Blackcherry es una serie pictÃ³rica inspirada en ocho aves distintas, reinterpretadas desde una estÃ©tica oscura y simbÃ³lica. La obra toma como punto de partida una fragancia de cereza, trasladando esa referencia sensorial al lenguaje visual mediante una paleta dominada por rojos profundos, rosas velados y tonos sombrÃ­os que oscilan entre lo orgÃ¡nico y lo emocional.

MÃ¡s allÃ¡ de la representaciÃ³n del ave, cada pintura funciona como un retrato psicolÃ³gico: cuerpos suspendidos entre lo bello y lo inquietante, donde la suavidad del color contrasta con una atmÃ³sfera densa. Las figuras aparecen contenidas dentro de un espacio ambiguo, evocando estados de fragilidad, aislamiento y transformaciÃ³n.

La serie explora la tensiÃ³n entre delicadeza y oscuridad, utilizando el simbolismo animal como vehÃ­culo para hablar de vulnerabilidad, memoria y presencia. Blackcherry se sitÃºa, asÃ­ como un conjunto de piezas Ã­ntimas, donde la belleza no se presenta como algo limpio, sino como una condiciÃ³n atravesada por sombra.

Nota: Esta obra pertenece a la serie Blackcherry (8 piezas). La colecciÃ³n completa estÃ¡ disponible para adquisiciÃ³n como conjunto, priorizando la integridad conceptual del proyecto. (No incluyen marco decorativo).",BLACKCHERRY,EN VENTA,Lienzo,,galeria
29,Blackcherry VI,"$15,000",40 x 60 x 1.5 cm,pintura al oleo,"Blackcherry es una serie pictÃ³rica inspirada en ocho aves distintas, reinterpretadas desde una estÃ©tica oscura y simbÃ³lica. La obra toma como punto de partida una fragancia de cereza, trasladando esa referencia sensorial al lenguaje visual mediante una paleta dominada por rojos profundos, rosas velados y tonos sombrÃ­os que oscilan entre lo orgÃ¡nico y lo emocional.

MÃ¡s allÃ¡ de la representaciÃ³n del ave, cada pintura funciona como un retrato psicolÃ³gico: cuerpos suspendidos entre lo bello y lo inquietante, donde la suavidad del color contrasta con una atmÃ³sfera densa. Las figuras aparecen contenidas dentro de un espacio ambiguo, evocando estados de fragilidad, aislamiento y transformaciÃ³n.

La serie explora la tensiÃ³n entre delicadeza y oscuridad, utilizando el simbolismo animal como vehÃ­culo para hablar de vulnerabilidad, memoria y presencia. Blackcherry se sitÃºa, asÃ­ como un conjunto de piezas Ã­ntimas, donde la belleza no se presenta como algo limpio, sino como una condiciÃ³n atravesada por sombra.

Nota: Esta obra pertenece a la serie Blackcherry (8 piezas). La colecciÃ³n completa estÃ¡ disponible para adquisiciÃ³n como conjunto, priorizando la integridad conceptual del proyecto. (No incluyen marco decorativo).",BLACKCHERRY,EN VENTA,Lienzo,,galeria
30,Blackcherry VII,"$15,000",40 x 60 x 1.5 cm,pintura al oleo,"Blackcherry es una serie pictÃ³rica inspirada en ocho aves distintas, reinterpretadas desde una estÃ©tica oscura y simbÃ³lica. La obra toma como punto de partida una fragancia de cereza, trasladando esa referencia sensorial al lenguaje visual mediante una paleta dominada por rojos profundos, rosas velados y tonos sombrÃ­os que oscilan entre lo orgÃ¡nico y lo emocional.

MÃ¡s allÃ¡ de la representaciÃ³n del ave, cada pintura funciona como un retrato psicolÃ³gico: cuerpos suspendidos entre lo bello y lo inquietante, donde la suavidad del color contrasta con una atmÃ³sfera densa. Las figuras aparecen contenidas dentro de un espacio ambiguo, evocando estados de fragilidad, aislamiento y transformaciÃ³n.

La serie explora la tensiÃ³n entre delicadeza y oscuridad, utilizando el simbolismo animal como vehÃ­culo para hablar de vulnerabilidad, memoria y presencia. Blackcherry se sitÃºa, asÃ­ como un conjunto de piezas Ã­ntimas, donde la belleza no se presenta como algo limpio, sino como una condiciÃ³n atravesada por sombra.

Nota: Esta obra pertenece a la serie Blackcherry (8 piezas). La colecciÃ³n completa estÃ¡ disponible para adquisiciÃ³n como conjunto, priorizando la integridad conceptual del proyecto. (No incluyen marco decorativo).",BLACKCHERRY,EN VENTA,Lienzo,,galeria
31,Blackcherry VIII,"$15,000",40 x 60 x 1.5 cm,pintura al oleo,"Blackcherry es una serie pictÃ³rica inspirada en ocho aves distintas, reinterpretadas desde una estÃ©tica oscura y simbÃ³lica. La obra toma como punto de partida una fragancia de cereza, trasladando esa referencia sensorial al lenguaje visual mediante una paleta dominada por rojos profundos, rosas velados y tonos sombrÃ­os que oscilan entre lo orgÃ¡nico y lo emocional.

MÃ¡s allÃ¡ de la representaciÃ³n del ave, cada pintura funciona como un retrato psicolÃ³gico: cuerpos suspendidos entre lo bello y lo inquietante, donde la suavidad del color contrasta con una atmÃ³sfera densa. Las figuras aparecen contenidas dentro de un espacio ambiguo, evocando estados de fragilidad, aislamiento y transformaciÃ³n.

La serie explora la tensiÃ³n entre delicadeza y oscuridad, utilizando el simbolismo animal como vehÃ­culo para hablar de vulnerabilidad, memoria y presencia. Blackcherry se sitÃºa, asÃ­ como un conjunto de piezas Ã­ntimas, donde la belleza no se presenta como algo limpio, sino como una condiciÃ³n atravesada por sombra.

Nota: Esta obra pertenece a la serie Blackcherry (8 piezas). La colecciÃ³n completa estÃ¡ disponible para adquisiciÃ³n como conjunto, priorizando la integridad conceptual del proyecto. (No incluyen marco decorativo).",BLACKCHERRY,EN VENTA,Lienzo,,galeria
32,Entre sombras y recuerdos I,"$11,000",55.0 x 105.0 x 0.2cm,acuarela,"Blackcherry es una serie pictÃ³rica inspirada en ocho aves distintas, reinterpretadas desde una estÃ©tica oscura y simbÃ³lica. La obra toma como punto de partida una fragancia de cereza, trasladando esa referencia sensorial al lenguaje visual mediante una paleta dominada por rojos profundos, rosas velados y tonos sombrÃ­os que oscilan entre lo orgÃ¡nico y lo emocional.

MÃ¡s allÃ¡ de la representaciÃ³n del ave, cada pintura funciona como un retrato psicolÃ³gico: cuerpos suspendidos entre lo bello y lo inquietante, donde la suavidad del color contrasta con una atmÃ³sfera densa. Las figuras aparecen contenidas dentro de un espacio ambiguo, evocando estados de fragilidad, aislamiento y transformaciÃ³n.

La serie explora la tensiÃ³n entre delicadeza y oscuridad, utilizando el simbolismo animal como vehÃ­culo para hablar de vulnerabilidad, memoria y presencia. Blackcherry se sitÃºa, asÃ­ como un conjunto de piezas Ã­ntimas, donde la belleza no se presenta como algo limpio, sino como una condiciÃ³n atravesada por sombra.

Nota: Esta obra pertenece a la serie Blackcherry (8 piezas). La colecciÃ³n completa estÃ¡ disponible para adquisiciÃ³n como conjunto, priorizando la integridad conceptual del proyecto. (No incluyen marco decorativo).",ENTRE SOMBRAS Y RECUERDOS,EN VENTA,papel,,galeria
35,Entre sombras y recuerdos II,"$11,000",55.0 x 105.0 x 0.2cm,acuarela,"Entre sombras y recuerdos es una serie compuesta por ocho acuarelas en gran formato. A travÃ©s de un ser hÃ­brido: mitad medusa, mitad esqueleto humano.  La obra explora la fragilidad del cuerpo, la memoria como residuo y la presencia silenciosa del tiempo. Las figuras no narran un acontecimiento especÃ­fico, sino que habitan un estado: un espacio suspendido entre lo vivo y lo que ya se transforma.

Esta serie funciona como un territorio Ã­ntimo dentro de la prÃ¡ctica del artista, donde la acuarela se convierte en un medio mÃ¡s ligero y procesual, sin perder coherencia conceptual con su obra pictÃ³rica principal. Cada pieza propone una contemplaciÃ³n pausada, donde lo simbÃ³lico opera de forma sutil, dejando que la imagen dialogue con la experiencia interna del espectador.

Acuarela sobre papel Arches 100 % algodÃ³n (no incluye marco).

Serie disponible completa. Precio preferencial al adquirir las ocho piezas.",ENTRE SOMBRAS Y RECUERDOS,EN VENTA,papel,,galeria
36,Entre sombras y recuerdos III,"$11,000",55.0 x 105.0 x 0.2cm,acuarela,"Entre sombras y recuerdos es una serie compuesta por ocho acuarelas en gran formato. A travÃ©s de un ser hÃ­brido: mitad medusa, mitad esqueleto humano.  La obra explora la fragilidad del cuerpo, la memoria como residuo y la presencia silenciosa del tiempo. Las figuras no narran un acontecimiento especÃ­fico, sino que habitan un estado: un espacio suspendido entre lo vivo y lo que ya se transforma.

Esta serie funciona como un territorio Ã­ntimo dentro de la prÃ¡ctica del artista, donde la acuarela se convierte en un medio mÃ¡s ligero y procesual, sin perder coherencia conceptual con su obra pictÃ³rica principal. Cada pieza propone una contemplaciÃ³n pausada, donde lo simbÃ³lico opera de forma sutil, dejando que la imagen dialogue con la experiencia interna del espectador.

Acuarela sobre papel Arches 100 % algodÃ³n (no incluye marco).

Serie disponible completa. Precio preferencial al adquirir las ocho piezas.",ENTRE SOMBRAS Y RECUERDOS,EN VENTA,papel,,galeria
37,Entre sombras y recuerdos IV,"$11,000",55.0 x 105.0 x 0.2cm,acuarela,"Entre sombras y recuerdos es una serie compuesta por ocho acuarelas en gran formato. A travÃ©s de un ser hÃ­brido: mitad medusa, mitad esqueleto humano.  La obra explora la fragilidad del cuerpo, la memoria como residuo y la presencia silenciosa del tiempo. Las figuras no narran un acontecimiento especÃ­fico, sino que habitan un estado: un espacio suspendido entre lo vivo y lo que ya se transforma.

Esta serie funciona como un territorio Ã­ntimo dentro de la prÃ¡ctica del artista, donde la acuarela se convierte en un medio mÃ¡s ligero y procesual, sin perder coherencia conceptual con su obra pictÃ³rica principal. Cada pieza propone una contemplaciÃ³n pausada, donde lo simbÃ³lico opera de forma sutil, dejando que la imagen dialogue con la experiencia interna del espectador.

Acuarela sobre papel Arches 100 % algodÃ³n (no incluye marco).

Serie disponible completa. Precio preferencial al adquirir las ocho piezas.",ENTRE SOMBRAS Y RECUERDOS,EN VENTA,papel,,galeria
38,Entre sombras y recuerdos V,"$11,000",55.0 x 105.0 x 0.2cm,acuarela,"Entre sombras y recuerdos es una serie compuesta por ocho acuarelas en gran formato. A travÃ©s de un ser hÃ­brido: mitad medusa, mitad esqueleto humano.  La obra explora la fragilidad del cuerpo, la memoria como residuo y la presencia silenciosa del tiempo. Las figuras no narran un acontecimiento especÃ­fico, sino que habitan un estado: un espacio suspendido entre lo vivo y lo que ya se transforma.

Esta serie funciona como un territorio Ã­ntimo dentro de la prÃ¡ctica del artista, donde la acuarela se convierte en un medio mÃ¡s ligero y procesual, sin perder coherencia conceptual con su obra pictÃ³rica principal. Cada pieza propone una contemplaciÃ³n pausada, donde lo simbÃ³lico opera de forma sutil, dejando que la imagen dialogue con la experiencia interna del espectador.

Acuarela sobre papel Arches 100 % algodÃ³n (no incluye marco).

Serie disponible completa. Precio preferencial al adquirir las ocho piezas.",ENTRE SOMBRAS Y RECUERDOS,EN VENTA,papel,,galeria
41,Entre sombras y recuerdos VI,"$11,000",55.0 x 105.0 x 0.2cm,acuarela,"Entre sombras y recuerdos es una serie compuesta por ocho acuarelas en gran formato. A travÃ©s de un ser hÃ­brido: mitad medusa, mitad esqueleto humano.  La obra explora la fragilidad del cuerpo, la memoria como residuo y la presencia silenciosa del tiempo. Las figuras no narran un acontecimiento especÃ­fico, sino que habitan un estado: un espacio suspendido entre lo vivo y lo que ya se transforma.

Esta serie funciona como un territorio Ã­ntimo dentro de la prÃ¡ctica del artista, donde la acuarela se convierte en un medio mÃ¡s ligero y procesual, sin perder coherencia conceptual con su obra pictÃ³rica principal. Cada pieza propone una contemplaciÃ³n pausada, donde lo simbÃ³lico opera de forma sutil, dejando que la imagen dialogue con la experiencia interna del espectador.

Acuarela sobre papel Arches 100 % algodÃ³n (no incluye marco).

Serie disponible completa. Precio preferencial al adquirir las ocho piezas.",ENTRE SOMBRAS Y RECUERDOS,EN VENTA,papel,,galeria
42,Entre sombras y recuerdos VII,"$11,000",55.0 x 105.0 x 0.2cm,acuarela,"Entre sombras y recuerdos es una serie compuesta por ocho acuarelas en gran formato. A travÃ©s de un ser hÃ­brido: mitad medusa, mitad esqueleto humano.  La obra explora la fragilidad del cuerpo, la memoria como residuo y la presencia silenciosa del tiempo. Las figuras no narran un acontecimiento especÃ­fico, sino que habitan un estado: un espacio suspendido entre lo vivo y lo que ya se transforma.

Esta serie funciona como un territorio Ã­ntimo dentro de la prÃ¡ctica del artista, donde la acuarela se convierte en un medio mÃ¡s ligero y procesual, sin perder coherencia conceptual con su obra pictÃ³rica principal. Cada pieza propone una contemplaciÃ³n pausada, donde lo simbÃ³lico opera de forma sutil, dejando que la imagen dialogue con la experiencia interna del espectador.

Acuarela sobre papel Arches 100 % algodÃ³n (no incluye marco).

Serie disponible completa. Precio preferencial al adquirir las ocho piezas.",ENTRE SOMBRAS Y RECUERDOS,EN VENTA,papel,,galeria
43,Entre sombras y recuerdos VIII,"$11,000",55.0 x 105.0 x 0.2cm,acuarela,"Entre sombras y recuerdos es una serie compuesta por ocho acuarelas en gran formato. A travÃ©s de un ser hÃ­brido: mitad medusa, mitad esqueleto humano.  La obra explora la fragilidad del cuerpo, la memoria como residuo y la presencia silenciosa del tiempo. Las figuras no narran un acontecimiento especÃ­fico, sino que habitan un estado: un espacio suspendido entre lo vivo y lo que ya se transforma.

Esta serie funciona como un territorio Ã­ntimo dentro de la prÃ¡ctica del artista, donde la acuarela se convierte en un medio mÃ¡s ligero y procesual, sin perder coherencia conceptual con su obra pictÃ³rica principal. Cada pieza propone una contemplaciÃ³n pausada, donde lo simbÃ³lico opera de forma sutil, dejando que la imagen dialogue con la experiencia interna del espectador.

Acuarela sobre papel Arches 100 % algodÃ³n (no incluye marco).

Serie disponible completa. Precio preferencial al adquirir las ocho piezas.",ENTRE SOMBRAS Y RECUERDOS,EN VENTA,papel,,galeria
45,Brutalismo,"$40,000",120 X 80CM,pintura al oleo,"â€œBuscando la libertad constructiva en mis ideas, con amor hacia la arquitectura y al arte, pasÃ© de la representaciÃ³n digital al pincel y pintura al Ã³leo.â€ Pintura al Ã³leo sobre madera, enmarcada, incluye firma del autor y certificado de autenticidad.",ARQUITECTURA,EN VENTA,papel,,galeria
48,Arquitectura 01,"$35,000",120 X 80CM,pintura al oleo,"â€œBuscando la libertad constructiva en mis ideas, con amor hacia la arquitectura y al arte, pasÃ© de la representaciÃ³n digital al pincel y pintura al Ã³leo.â€ Obra 100% original del artista. Pintura al Ã³leo sobre madera, enmarcada, incluye firma del autor y certificado de autenticidad.",ARQUITECTURA,EN VENTA,MDF,,galeria
51,Fobia 03,"$25,000",60 X 80 CM,pintura al oleo,"Esta pieza forma parte de una colecciÃ³n de 10 pinturas al Ã³leo en las que se pretenden representar diferentes fobias. Obra 100% original del artista. Pintura al Ã³leo sobre madera, incluye firma del autor y certificado de autenticidad.",Fobias,VENDIDO,MDF,,galeria
54,Fobia 02,"$15,000",40 x 60 x 1.5 cm,pintura al oleo,"Esta pieza forma parte de una colecciÃ³n de 10 pinturas al Ã³leo en las que se pretenden representar diferentes fobias. Realizada en febrero del 2022, es una obra 100% original del artista. Pintura al Ã³leo sobre madera, enmarcada, incluye firma del autor y certificado de autenticidad.",Fobias,VENDIDO,MDF,,galeria
55,Fobia 01,"$25,000",60x80cm,pintura al oleo,"Esta pieza forma parte de una colecciÃ³n de 10 pinturas al Ã³leo en las que se pretenden representar diferentes fobias. Realizada en febrero del 2022, es una obra 100% original del artista. Pintura al Ã³leo sobre madera, enmarcada, incluye firma del autor y certificado de autenticidad.",Fobias,VENDIDO,MDF,,galeria
56,Perla,"$25,000",60x80cm,pintura al oleo,"Esta pieza forma parte de una colecciÃ³n de 10 pinturas al Ã³leo en las que se pretenden representar diferentes fobias. Realizada en febrero del 2022, es una obra 100% original del artista. Pintura al Ã³leo sobre madera, enmarcada, incluye firma del autor y certificado de autenticidad.",Fobias,VENDIDO,MDF,,galeria
57,Oscuridad,"$25,000",60x80cm,pintura al oleo,Ninguna persona sabe realmente de lo que habla cuando el tema es; la oscuridad del alma y lo que hay despuÃ©s de la muerte. Obra 100% original del artista. Pintura al Ã³leo sobre MDF de 3mm. (Esta obra no incluye marco).,Fobias,EN VENTA,MDF,,galeria
58,Fragilidad,"$20,000",75 x 60 cm,pintura al oleo,"InterpretaciÃ³n de la muerte soplando burbujas, representando lo frÃ¡gil que es la vida. Ã“leo sobre MDF de 6mm, (no incluye marco).",Fobias,EN VENTA,MDF,,galeria
59,Presencias extraÃ±as I,"$6,000",20.0 x 30.0 x 0.3cm,pintura al oleo,"Esta pintura pertenece a una serie de mini lienzos titulada ""presencias extrañas"" en la cual el objetivo era superar el bloqueo creativo. Para ello se me ocurriÃ³ recordar mi niÃ±ez, volver a dibujar y pintar como cuando tenÃ­a 10 aÃ±os, sin pensar en darle una explicaciÃ³n a cada cuadro, sÃ³lo fluyendo con el Ã³leo y las formas que acompaÃ±aron aquella etapa en mi vida. 

NOTA: Incluye la obra original que se muestra en las fotos, certificado de autenticidad y firma del autor, no incluye marco. Debido al tipo de monitor o pantalla los colores pueden ser ligeramente diferentes.",Presencias extraÃ±as,VENDIDA,Lienzo,,galeria
62,Presencias extraÃ±as II,"$6,000",20.0 x 30.0 x 0.3cm,pintura al oleo,"Esta pintura pertenece a una serie de mini lienzos titulada ""presencias extraÃ±as"" en la cual el objetivo era superar el bloqueo creativo. Para ello se me ocurriÃ³ recordar mi niÃ±ez, volver a dibujar y pintar como cuando tenÃ­a 10 aÃ±os, sin pensar en darle una explicaciÃ³n a cada cuadro, sÃ³lo fluyendo con el Ã³leo y las formas que acompaÃ±aron aquella etapa en mi vida. 

NOTA: Incluye la obra original que se muestra en las fotos, certificado de autenticidad y firma del autor, no incluye marco. Debido al tipo de monitor o pantalla los colores pueden ser ligeramente diferentes.",Presencias extraÃ±as,EN VENTA,Lienzo,,galeria
63,Presencias extraÃ±as III,"$6,000",20.0 x 30.0 x 0.3cm,pintura al oleo,"Esta pintura pertenece a una serie de mini lienzos titulada ""presencias extraÃ±as"" en la cual el objetivo era superar el bloqueo creativo. Para ello se me ocurriÃ³ recordar mi niÃ±ez, volver a dibujar y pintar como cuando tenÃ­a 10 aÃ±os, sin pensar en darle una explicaciÃ³n a cada cuadro, sÃ³lo fluyendo con el Ã³leo y las formas que acompaÃ±aron aquella etapa en mi vida. 

NOTA: Incluye la obra original que se muestra en las fotos, certificado de autenticidad y firma del autor, no incluye marco. Debido al tipo de monitor o pantalla los colores pueden ser ligeramente diferentes.",Presencias extraÃ±as,EN VENTA,Lienzo,,galeria
64,Presencias extraÃ±as IV,"$6,000",20.0 x 30.0 x 0.3cm,pintura al oleo,"Esta pintura pertenece a una serie de mini lienzos titulada ""presencias extraÃ±as"" en la cual el objetivo era superar el bloqueo creativo. Para ello se me ocurriÃ³ recordar mi niÃ±ez, volver a dibujar y pintar como cuando tenÃ­a 10 aÃ±os, sin pensar en darle una explicaciÃ³n a cada cuadro, sÃ³lo fluyendo con el Ã³leo y las formas que acompaÃ±aron aquella etapa en mi vida. 

NOTA: Incluye la obra original que se muestra en las fotos, certificado de autenticidad y firma del autor, no incluye marco. Debido al tipo de monitor o pantalla los colores pueden ser ligeramente diferentes.",Presencias extraÃ±as,EN VENTA,Lienzo,,galeria
65,Presencias extraÃ±as V,"$6,000",20.0 x 30.0 x 0.3cm,pintura al oleo,"Esta pintura pertenece a una serie de mini lienzos titulada ""presencias extraÃ±as"" en la cual el objetivo era superar el bloqueo creativo. Para ello se me ocurriÃ³ recordar mi niÃ±ez, volver a dibujar y pintar como cuando tenÃ­a 10 aÃ±os, sin pensar en darle una explicaciÃ³n a cada cuadro, sÃ³lo fluyendo con el Ã³leo y las formas que acompaÃ±aron aquella etapa en mi vida. 

NOTA: Incluye la obra original que se muestra en las fotos, certificado de autenticidad y firma del autor, no incluye marco. Debido al tipo de monitor o pantalla los colores pueden ser ligeramente diferentes.",Presencias extraÃ±as,EN VENTA,Lienzo,,galeria
66,Presencias extraÃ±as VI,"$6,000",20.0 x 30.0 x 0.3cm,pintura al oleo,"Esta pintura pertenece a una serie de mini lienzos titulada ""presencias extraÃ±as"" en la cual el objetivo era superar el bloqueo creativo. Para ello se me ocurriÃ³ recordar mi niÃ±ez, volver a dibujar y pintar como cuando tenÃ­a 10 aÃ±os, sin pensar en darle una explicaciÃ³n a cada cuadro, sÃ³lo fluyendo con el Ã³leo y las formas que acompaÃ±aron aquella etapa en mi vida. 

NOTA: Incluye la obra original que se muestra en las fotos, certificado de autenticidad y firma del autor, no incluye marco. Debido al tipo de monitor o pantalla los colores pueden ser ligeramente diferentes.",Presencias extraÃ±as,EN VENTA,Lienzo,,galeria
67,Presencias extraÃ±as VII,"$6,000",20.0 x 30.0 x 0.3cm,pintura al oleo,"Esta pintura pertenece a una serie de mini lienzos titulada ""presencias extraÃ±as"" en la cual el objetivo era superar el bloqueo creativo. Para ello se me ocurriÃ³ recordar mi niÃ±ez, volver a dibujar y pintar como cuando tenÃ­a 10 aÃ±os, sin pensar en darle una explicaciÃ³n a cada cuadro, sÃ³lo fluyendo con el Ã³leo y las formas que acompaÃ±aron aquella etapa en mi vida. 

NOTA: Incluye la obra original que se muestra en las fotos, certificado de autenticidad y firma del autor, no incluye marco. Debido al tipo de monitor o pantalla los colores pueden ser ligeramente diferentes.",Presencias extraÃ±as,EN VENTA,Lienzo,,galeria
68,Presencias extraÃ±as VIII,"$6,000",20.0 x 30.0 x 0.3cm,pintura al oleo,"Esta pintura pertenece a una serie de mini lienzos titulada ""presencias extraÃ±as"" en la cual el objetivo era superar el bloqueo creativo. Para ello se me ocurriÃ³ recordar mi niÃ±ez, volver a dibujar y pintar como cuando tenÃ­a 10 aÃ±os, sin pensar en darle una explicaciÃ³n a cada cuadro, sÃ³lo fluyendo con el Ã³leo y las formas que acompaÃ±aron aquella etapa en mi vida. 

NOTA: Incluye la obra original que se muestra en las fotos, certificado de autenticidad y firma del autor, no incluye marco. Debido al tipo de monitor o pantalla los colores pueden ser ligeramente diferentes.",Presencias extraÃ±as,EN VENTA,Lienzo,,galeria
69,Mente concreto,"$15,000",80.0 x 60.0 x 1.5cm,pintura al oleo,"Mi arte se compone de formas extraÃ±as y elementos que parecieran estar en un entorno de caos y al mismo tiempo en armonÃ­a. Este es un cuadro que representa una mente en constante bloqueo, una en la que las ideas no fluyen en sintonÃ­a, pero que permanecen en el espacio y tiempo.  

NOTA: Incluye la obra original que se muestra en las fotos, certificado de autenticidad y firma del autor, no incluye marco. Debido al tipo de monitor o pantalla los colores pueden ser ligeramente diferentes.",SIN SERIE ,EN VENTA,Lienzo,,galeria
70,Reencuentro,"$15,000",50 x 40 x 1.5 cm,pintura al oleo,"Esta pieza forma parte de una sucesiÃ³n de imÃ¡genes, en las que el artista interpreta el momento en el que la vida pasa a ser solo un recuerdo y este a su vez se vuelve eterno.
Realizada en 2024, es una obra 100% original del artista. Ã“leo sobre lienzo (sin marco).",EFIMERA LIBERTAD,EN VENTA,Lienzo,,galeria
71,EfÃ­mera libertad,"$15,000",60 x 40cm,pintura al oleo,"Esta pieza forma parte de una sucesiÃ³n de imÃ¡genes, en las que el artista interpreta el momento en el que la vida pasa a ser solo un recuerdo y este a su vez se vuelve eterno. Pintada sobre panel de mdf de 3mm, (no incluye marco).
Obra 100% original del artista.",EFIMERA LIBERTAD,EN VENTA,MDF,,galeria
72,Payaso,"$25,000",72.0 x 56.0 x 0.2 cm,pintura al oleo,"Esta pieza forma parte de una colecciÃ³n de 10 pinturas al Ã³leo en las que el autor pretende representar diferentes fobias. Obra 100% original del artista. Pintura al Ã³leo sobre MDF de 3mm, (no incluye marco).",FOBIA,VENDIDO,MDF,,galeria
75,Fobia 06,"$25,000",72.0 x 56.0 x 0.2 cm,pintura al oleo,"Esta pieza forma parte de una colecciÃ³n de 10 pinturas al Ã³leo en las que el autor pretende representar diferentes fobias. Obra 100% original del artista. Pintura al Ã³leo sobre MDF de 3mm, (no incluye marco).",FOBIA,VENDIDO,MDF,,galeria
76,En mi camino,"$10,000",72.0 x 56.0 x 0.2 cm,acuarela,"El contraste entre la inocencia y la violencia. Obra 100% original del artista, no incluye marco. ",SIN SERIE,EN VENTA,papel,,galeria
79,EfÃ­mera libertad a la eternidad 01,"$5,000",54 x 44 cm,acuarela,"Esta pieza forma parte de una sucesiÃ³n de imÃ¡genes, en las que el artista interpreta el momento en el que la vida pasa a ser solo un recuerdo y este a su vez se vuelve eterno.
Obra 100% original del artista. Acuarela sobre papel fabriano, (no incluye marco).",EFIMERA LIBERTAD,EN VENTA,papel,,galeria
82,Entre Hadas y amapolas 01,"$7,000",5.0 x 72.0 x 0.1cm,acuarela,"La primera pintura de la serie ""Entre Hadas y Amapolas"", donde una misma criatura feÃ©rica, marcada por la presencia de un tercer ojo, atraviesa distintas fases de transformaciÃ³n. En esta obra, la figura del hada aparece con piel blanca y tonos suaves rosados. En su mano derecha sostiene un par de plantas de amapola, sÃ­mbolo de sueÃ±o, olvido y veneno. Su mano izquierda seÃ±ala un ojo flotante suspendido frente a ella, como si intentara revelarlo o invocarlo.

Esta pieza representa el inicio de su transformaciÃ³n, cuando aÃºn conserva su delicadeza, pero comienza a manifestarse lo oculto.

Acuarela sobre papel Arches 100% algodÃ³n (no incluye marco).",ENTRE HADAS Y AMAPOLAS,EN VENTA,papel,,galeria
85,Entre Hadas y Amapolas 02,"$7,000",5.0 x 72.0 x 0.1cm,acuarela,"La segunda pintura de la serie ""Entre Hadas y Amapolas"", donde una misma criatura feÃ©rica, marcada por la presencia de un tercer ojo, atraviesa distintas fases de transformaciÃ³n. En esta obra, la figura del hada aparece con piel blanca y tonos suaves rosados. En su mano derecha sostiene un par de plantas de amapola, sÃ­mbolo de sueÃ±o, olvido y veneno. Su mano izquierda seÃ±ala un ojo flotante suspendido frente a ella, como si intentara revelarlo o invocarlo.

Esta pieza representa el inicio de su transformaciÃ³n, cuando aÃºn conserva su delicadeza, pero comienza a manifestarse lo oculto.

Acuarela sobre papel Arches 100% algodÃ³n (no incluye marco).",ENTRE HADAS Y AMAPOLAS,EN VENTA,papel,,galeria
86,Esqueletos y medusas,"$10,000",44.0 x 54.0 x 0.2cm,acuarela,"Esqueletos y medusas es una pintura a la acuarela que representa el inicio de mi camino en el arte, ademÃ¡s de ser mi primer pintura con acuarelas, esta obra dio comienzo a una nueva etapa en mi vida. 

Acuarela sobre papel Fabriano 100% algodÃ³n (no incluye marco).",EFIMERA LIBERTAD,EN VENTA,papel,,galeria
87,Violenta acuarela,"$5,000",38.0 x 52.0 x 0.2cm,acuarela,"Existe un momento en el proceso creativo en el que tus emociones son tan fuertes que parecen tomar forma y color sobre el lienzo o papel, esto fue lo que ocurriÃ³ con esta acuarela. Es una pintura experimental que surge despuÃ©s de una tarde de mucho estrÃ©s. 

NOTA: Incluye la obra original que se muestra en las fotos, certificado de autenticidad y firma del autor, no incluye marco. Debido al tipo de monitor o pantalla los colores pueden ser ligeramente diferentes.",VIOLENTA,EN VENTA,papel,,galeria
90,Presencias extraÃ±as,"$3,500",19.0 x 28.0 x 0.1cm,acuarela,"Esta pintura pertenece a una serie de mini lienzos titulada ""presencias extraÃ±as"" en la cual el objetivo era superar el bloqueo creativo. Para ello se me ocurriÃ³ recordar mi niÃ±ez, volver a dibujar y pintar como cuando tenÃ­a 10 aÃ±os, sin pensar en darle una explicaciÃ³n a cada cuadro, sÃ³lo fluyendo con el Ã³leo y las formas que acompaÃ±aron aquella etapa en mi vida. 

NOTA: Incluye la obra original que se muestra en las fotos, certificado de autenticidad y firma del autor, no incluye marco. Debido al tipo de monitor o pantalla los colores pueden ser ligeramente diferentes.",PRESENCIAS,EN VENTA,papel,,galeria
93,SÃ­mbolos de evasiÃ³n - TulipÃ¡n,"$9,000",32  x 44 cm,acuarela,"Esta obra forma parte de la miniserie ""SÃ­mbolos de evasiÃ³n"", donde un mismo cuerpo; mitad esqueleto, mitad medusa atraviesa distintos estados emocionales provocados por estÃ­mulos externos. A travÃ©s de la flor y el fruto, el protagonista explora formas silenciosas de escape: primero desde la contemplaciÃ³n frÃ¡gil, despuÃ©s desde la entrega total.

El cuerpo aparece abierto y vulnerable, permitiendo que lo vegetal lo atraviese y lo transforme. La escena no representa un acto explÃ­cito, sino un momento suspendido donde el deseo, fragilidad y disoluciÃ³n interna conviven. Cada pieza funciona como un retrato Ã­ntimo del intento humano por sentir algo distinto, aun cuando ese intento implique ceder partes de sÃ­ mismo.

Acuarela sobre papel Arches 100 % algodÃ³n (no incluye marco).

Disponible como dÃ­ptico con precio preferencial.",SÃ­mbolos de evasiÃ³n,EN VENTA,papel,,galeria
96,SÃ­mbolos de evasiÃ³n - Opio,"$9,000",32  x 44 cm,acuarela,"Esta obra forma parte de la miniserie ""SÃ­mbolos de evasiÃ³n"", donde un mismo cuerpo; mitad esqueleto, mitad medusa atraviesa distintos estados emocionales provocados por estÃ­mulos externos. A travÃ©s de la flor y el fruto, el protagonista explora formas silenciosas de escape: primero desde la contemplaciÃ³n frÃ¡gil, despuÃ©s desde la entrega total.

El cuerpo aparece abierto y vulnerable, permitiendo que lo vegetal lo atraviese y lo transforme. La escena no representa un acto explÃ­cito, sino un momento suspendido donde el deseo, fragilidad y disoluciÃ³n interna conviven. Cada pieza funciona como un retrato Ã­ntimo del intento humano por sentir algo distinto, aun cuando ese intento implique ceder partes de sÃ­ mismo.

Acuarela sobre papel Arches 100 % algodÃ³n (no incluye marco).",SÃ­mbolos de evasiÃ³n,EN VENTA,papel,,galeria
114,Eterno Caos,"$9,000",50 x 35cm,acuarela,"Esta pieza forma parte de una sucesiÃ³n de imÃ¡genes, en las que el artista interpreta el momento en el que la vida pasa a ser solo un recuerdo y este a su vez se vuelve eterno.
Realizada en 2022, es una obra 100% original del artista. Acuarela sobre papel fabriano, (sin marco).",EFIMERA LIBERTAD,EN VENTA,papel,,galeria
97,Concreto,"$7,000",44 x 38 cm.,acuarela,"Un rostro de concreto, con acuarelas.",SIN SERIE,EN VENTA,papel,,galeria
100,Existencia caÃ³tica,"$6,000",36 x 49cm,acuarela,"Hay dÃ­as en los que sientes que no vives en este mundo, esos en los que el peso de la soledad y desesperaciÃ³n te mantienen en un estado inactivo por fuera, pero con un caos en el interior. Acuarela y acrÃ­lico sobre fabriano 300g. (no incluye marco).",SIN SERIE,EN VENTA,papel,,galeria
101,EfÃ­mera libertad a la eternidad 06,"$5,000",47 x 35cm,acuarela,"Esta pieza forma parte de una sucesiÃ³n de imÃ¡genes, en las que el artista interpreta el momento en el que la vida pasa a ser solo un recuerdo y este a su vez se vuelve eterno.
Realizada en marzo del 2022, es una obra 100% original del artista. Acuarela sobre papel fabriano, (no incluye marco).",EFIMERA LIBERTAD,EN VENTA,papel,,galeria
102,EfÃ­mera libertad a la eternidad 04,"$4,500",35.0 x 25.0cm,acuarela,"Esta pieza forma parte de una sucesiÃ³n de imÃ¡genes, en las que el artista interpreta el momento en el que la vida pasa a ser solo un recuerdo y este a su vez se vuelve eterno.
Realizada en marzo del 2022, es una obra 100% original del artista. Acuarela sobre papel fabriano, (no incluye marco).",EFIMERA LIBERTAD,EN VENTA,papel,,galeria
105,EfÃ­mera libertad a la eternidad 05,"$5,000",35.0 x 25.0 x 0.2cm,acuarela,"Esta pieza forma parte de una sucesiÃ³n de imÃ¡genes, en las que el artista interpreta el momento en el que la vida pasa a ser solo un recuerdo y este a su vez se vuelve eterno.
Realizada en marzo del 2022, es una obra 100% original del artista. Acuarela sobre papel fabriano, (no incluye marco).",EFIMERA LIBERTAD,VENDIDO,papel,,galeria
106,EfÃ­mera libertad a la eternidad 03,"$4,000",28.0 x 21.5 cm,acuarela,"Esta pieza forma parte de una sucesiÃ³n de imÃ¡genes, en las que el artista interpreta el momento en el que la vida pasa a ser solo un recuerdo y este a su vez se vuelve eterno.
Realizada en marzo del 2022, es una obra 100% original del artista. Acuarela sobre papel fabriano, (no incluye marco).",EFIMERA LIBERTAD,VENDIDO,papel,,galeria
107,EfÃ­mera libertad a la eternidad 07,"$10,000",58 cm x 48 cm x 3 cm,acuarela,"Esta pieza forma parte de una sucesiÃ³n de imÃ¡genes, en las que el artista interpreta el momento en el que la vida pasa a ser solo un recuerdo y este a su vez se vuelve eterno.
Realizada en marzo del 2022, es una obra 100% original del artista. Acuarela sobre papel fabriano, (no incluye marco).",EFIMERA LIBERTAD,VENDIDO,papel,,galeria
113,Caos y color,"$4,000",28cm x 19cm x 0.2cm,acuarela,"Esta pieza forma parte de una sucesiÃ³n de imÃ¡genes, en las que el artista interpreta el momento en el que la vida pasa a ser solo un recuerdo y este a su vez se vuelve eterno.
Realizada en 2023, es una obra 100% original del artista. Acuarela sobre papel fabriano, (no incluye marco).",EFIMERA LIBERTAD,EN VENTA,papel,,galeria
112,EfÃ­mera libertad a la eternidad 08,"$5,000",50 cm x 35 cm x 0.1 cm,acuarela,"Esta pieza forma parte de una sucesiÃ³n de imÃ¡genes, en las que el artista interpreta el momento en el que la vida pasa a ser solo un recuerdo y este a su vez se vuelve eterno.
Realizada en marzo del 2022, es una obra 100% original del artista. Acuarela sobre papel fabriano, (no incluye marco).",EFIMERA LIBERTAD,EN VENTA,papel,,galeria
108,EfÃ­mera libertad a la eternidad 09,"$5,000",50 cm x 35 cm x 0.1 cm,acuarela,"Esta pieza forma parte de una sucesiÃ³n de imÃ¡genes, en las que el artista interpreta el momento en el que la vida pasa a ser solo un recuerdo y este a su vez se vuelve eterno.
Realizada en marzo del 2022, es una obra 100% original del artista. Acuarela sobre papel fabriano, (no incluye marco).",EFIMERA LIBERTAD,EN VENTA,papel,,galeria
109,Fobia el principio,"$5,000",57 cm x 44 cm x 2.5 cm,dibujo,"â€œSin tÃ­tuloâ€

Dibujo a lapiz original del autor. ",FOBIAS,EN VENTA,papel,,galeria
111,Gato,"$3,000",38.5 x 31 x2cm,dibujo,"Una tarde de imaginaciÃ³n, en un sitio en donde el Ãºnico sonido era el de un gato, un perro, una gallina y una cabraâ€¦Realizada en junio del 2021, es una obra 100% original del artista. LÃ¡piz sobre papel, obra enmarcada, incluye firma del autor y certificado de autenticidad.",SIN SERIE,EN VENTA,papel,,proceso
